,wind_speed_m_s,gust_m_s,humidity_%,chill_celsius,chill_minimum_celsius,temperature_average_celsius,temperature_range_low_celsius,temperature_range_high_celsius,outside_air_pres_hPa
2022-11-09,3.6546898901675675,3.106036158861498,81.61574072925063,8.143441911306919,5.893660499702826,6.936708272525013,5.946832201147125,10.745762824116914,986.7729840025928
2022-11-10,1.976146453450409,4.628673463381568,84.75377202254278,7.394392249089162,2.9139571605164964,5.392671343399087,9.056463042153066,5.08112088396073,1024.2207361155351
2022-11-11,0.4520188431978637,11.13034115283762,84.70378261492398,14.088909202471655,4.098302568488619,8.441208013068962,5.205681533425541,11.449187792277085,1003.7550672392404
2022-11-12,0.6059038865205465,2.9982802342257515,86.56494056969977,11.322886937146945,2.927978732730793,4.46794973913795,3.600808738305285,13.739124724283126,1006.4146942994686
2022-11-13,1.8688422089876693,7.231819294329393,79.83265406449324,10.872300946658324,4.77485536232405,8.204043846141312,10.76171905862542,11.622490891914747,1012.7128591237398
2022-11-14,0.6102161670854532,8.610913701095434,77.96354161907243,7.987380703413933,5.777085901966194,6.129287008755749,3.6204914515795834,10.909545469623717,995.5584755637194
2022-11-15,0.5510970933134731,11.857158240527955,85.03622765699495,11.347285135018353,2.345897050729879,4.794482447857972,3.9103861399517985,5.722045689542566,1015.6127360078797
2022-11-16,1.9575455534580426,6.299255862414345,81.59667417596354,11.063924021355838,5.342889194888791,7.392899957364193,9.916779112379029,8.483526502528198,987.0583142262138
2022-11-17,3.302344969154567,1.6117203219732117,87.62755134503222,10.710876109945874,3.8225541715375284,2.300225258619271,-0.7461252546938546,12.066452419304596,995.3796756590216
2022-11-18,2.3224195107415087,9.195551782580855,86.55838404301674,5.605292011242557,0.44888629579335015,13.713659544321507,-6.568947471211872,12.496407047907082,994.685910277545
2022-11-19,3.26506921703767,2.8805517744614324,87.86471324322257,17.723623628118943,5.030969357443876,13.864330362186752,7.260375570395163,7.669407566369248,1036.5694062635491
2022-11-20,3.232331729535068,11.831696937146926,86.50307734250434,6.761119291823286,2.514778491067417,4.545411068809765,0.324876976725641,12.69187317586351,1007.1764675741064
2022-11-21,3.3413182487154724,8.306164467895808,81.15622853181681,12.872825790972517,1.9106446660916276,12.269683772074075,1.6970942622438745,11.236479376666933,1002.591235719213
2022-11-22,0.8477607669810838,2.7440559576596506,80.9582778097145,10.75616427616541,2.4233500716123526,1.9872131097083026,3.994924924847821,14.552755579703351,982.0969034181818
2022-11-23,0.3987293670233412,5.366189940583357,83.53138443636722,9.132736033252948,3.0216561818085506,1.799213939562037,1.0454129860124466,5.1855727793748505,1011.3469261165438
2022-11-24,3.070352906658366,5.212732318504756,86.84710780419499,6.530300819326111,4.10010363346075,8.193787989085184,5.242833181759595,13.07399786006205,1010.0709775110365
2022-11-25,2.7093276836412556,2.1886403895685316,83.91492615175362,7.0092066617658535,1.8232361632894674,6.656768033433022,1.6901955634402854,4.376850349105682,1021.683819613296
2022-11-26,1.9911195463188207,3.5831782054581636,83.38323946166405,10.228375890235917,5.474473848403445,6.290223609345132,0.6177400493835199,12.422296270647543,1018.0269732973811
2022-11-27,2.557321251767145,2.3324419606376887,81.28368491043594,10.540844085492429,-5.452420820654886,8.979117040211094,4.2570015576454265,11.708928939907599,982.9521606730762
2022-11-28,1.4272108586732175,2.3634697242335507,83.3327631572799,9.331492160709246,4.362555970141839,6.3530466391167435,4.290019085655627,12.124615629220637,1012.4919232435702
2022-11-29,2.0426426218891387,9.14371481139223,88.74737655865748,12.012845802542538,-0.566893900454569,9.253366708596436,2.8293689071139685,8.278402806804465,989.0990755573755
2022-11-30,3.769671847416664,6.882510002709008,86.60760268906171,6.159932474340396,3.478650119590622,0.8451239664894237,-1.7759553149762386,19.489571428397927,990.784455003563
2022-12-01,3.664763580671142,3.6338948563936126,83.57184878972987,14.841887336892022,6.937039999330959,10.955385454103412,4.18430989795093,4.340906294629402,990.6864647753091
2022-12-02,2.0682297880044254,9.75826432593081,86.37271319275783,15.633416813808296,3.984946963932778,5.289403076101862,7.440892942054584,8.345018009388781,990.6292692250316
2022-12-03,2.003078720255714,6.145203950864545,88.9587559547624,8.914034851574362,-0.3308983752680281,3.494514151771821,-2.176057779579377,5.772437723031526,1018.209762053771
2022-12-04,2.4712068975827814,1.2440544410288825,87.67615197346964,19.013289269454923,8.705122318618974,13.072266700336773,4.361083645091648,15.128761365113164,1020.4102213369016
2022-12-05,1.8299332847562717,11.949105397761873,86.79489448002931,10.149855309827476,-2.1209520316362527,4.60419401257796,11.843381011515866,13.510590992789231,1001.22483009563
2022-12-06,2.1350317455440484,3.974149879752421,84.11263278873722,9.275191606584528,1.5396842991502988,8.14983570693052,-0.11212093302022597,8.143337300841925,1044.6828335790324
2022-12-07,2.0244691979804776,2.1233961846304092,87.29956854561364,9.99605010387514,3.484916742596714,9.1654412063063,-0.47895173603010877,6.43890902888776,1005.2248569276377
2022-12-08,3.1450389910812953,6.731146942491945,86.06800741593653,4.469068252648416,3.148777246584658,4.195020179196576,-1.1332183705274286,10.7813411570782,1026.441691161853
2022-12-09,0.8904077121436681,3.8574014117117215,84.38292998199684,12.464479088822642,12.880724208857064,5.4390034411844335,2.5798054431493846,12.409724865871404,1022.9686350228183
2022-12-10,3.67683105868224,5.357825248993564,85.75788420821927,11.05579986249166,5.791099149707804,-3.873407930140802,4.416780024067478,7.367995907550163,1021.8488299038272
2022-12-11,1.1318979092832044,1.7043649457720615,83.02602940111963,9.978153206500505,3.860251466422909,6.718383501047899,4.329883592046417,5.068309756232816,1015.891775517623
2022-12-12,2.6290607880571946,6.174013468471232,85.85322445925414,7.4948066191017,-0.6097171302523332,7.128708837545247,6.72192961234825,6.799231314158753,1005.1867132235099
2022-12-13,4.937143060099195,1.8249448115948097,89.06664804789293,8.201657365012597,-7.682529807444437,1.2409523885021576,6.616649676029874,9.464965824240025,1009.4867717821601
2022-12-14,3.8931903043989813,3.2650037909813836,86.86118610002133,10.860580016268727,5.258998414910401,7.286135804380649,0.7553675654087444,8.02960501900727,1045.103227975353
2022-12-15,2.4012526284618056,3.177371510199627,86.44490423362797,10.738279265516601,2.684496217293701,8.181236372911835,2.779138694068172,10.56989865117252,980.8230226653942
2022-12-16,2.6741797122275845,9.397788077651072,85.58131075251956,4.953599719911607,5.143972429795024,6.363735549863085,4.772587697509993,14.337056187968455,1038.596859943757
2022-12-17,3.307594723850792,6.765452099526607,85.55697564607475,18.75356707591919,10.641850818520243,0.405609053781812,4.774141027854415,10.256962868828882,1018.6040427034042
2022-12-18,2.2136037409853877,5.2399784801878155,86.64737301048908,10.754572073935098,-1.276820703901421,6.98273992477369,-0.10072315046987868,12.211731430103912,1003.0333026267784
2022-12-19,4.453594322456632,10.708920341305555,88.69103261525974,7.857881026677752,1.292431391845458,4.9165494708422965,7.116979265705158,9.244138733989582,1017.1541819079382
2022-12-20,2.075737319339931,7.532478885487349,85.45546903229682,10.807657018601223,-1.7792048859518754,4.532512583570485,2.2958288313603603,11.862141566913703,999.1296332469393
2022-12-21,0.6689272998066315,5.4632459339691675,81.69182921898381,10.839929662101945,-0.2454269609454771,16.00157131080792,3.1442726508460233,10.430889191606905,993.1412712996668
2022-12-22,2.421181495495723,7.321138944732674,80.93555184021172,14.871925585023385,3.581468346915692,10.495126124563077,2.2547508991704674,13.25145691173923,1042.9190702587207
2022-12-23,1.560872257688037,1.4014133899890202,89.99348607717971,7.2543938329631175,-5.504219478561339,7.712606455385699,6.371125019728071,10.863953565297606,993.9349857252465
2022-12-24,2.187313267087001,4.904619561488381,84.86869315940264,1.2246929819307564,-1.53554107165703,9.279138962335672,2.3155248778211206,8.734884106474295,1002.8788945467813
2022-12-25,2.273781520441978,8.89070069952188,79.11958709776339,14.617475837625808,11.427364147187108,8.868424455942723,9.562517218030738,11.05142203071649,999.0185931134757
2022-12-26,3.7743765352092375,14.213454329139713,85.5007029479902,9.600799571366704,3.2251202958029155,9.824214526302953,1.6490979264212402,7.3204081623858475,1037.8646795478871
2022-12-27,1.89090950388549,8.691318253848273,84.68382028618659,11.67153219500581,2.8837596393790674,-0.13092924737980827,5.0442923469708045,15.805057407509462,1025.5547237786611
2022-12-28,3.795096883522311,6.313947435588915,85.52655429234241,9.02260013667571,11.508388274150045,9.008007149729803,0.9741824251278848,11.238521476734968,1010.4693268163788
2022-12-29,4.439983326704452,2.895349041079103,82.65258585924954,4.456525466839763,3.9800341656258382,8.989390017154328,2.1406828993768414,14.129012737163109,1028.0356655015178
2022-12-30,2.0581296786929375,5.205131998860148,86.59006181503602,6.956963529464506,0.274038850740018,8.483265725573549,0.9832807220348823,5.891495881296114,1007.8728909559634
2022-12-31,4.423564152101803,5.890072472885194,82.57959574396793,10.505541874129399,7.666108487030509,7.201934491200712,7.226182893755718,18.875374264362677,1013.0160177624084
2023-01-01,2.123241687690439,10.841719595754547,81.35793891625164,7.047453721480027,2.6690034142956827,4.637132712821758,-1.7907994682457646,9.165733411712058,995.6661650217183
2023-01-02,3.4309205076943594,10.565727899495956,78.40044732263317,9.904299424357458,3.043731971793927,4.501103543328157,-1.8895771921805515,9.079925955953467,1036.7175989816842
2023-01-03,3.0366359451394453,5.558361035340139,75.19447644524496,11.462508991223457,-0.34928178369892127,8.755952135580694,0.9124304771172098,10.767436661243908,1010.400374077083
2023-01-04,0.6721346967068639,6.678857525377408,87.27384967179576,16.928209885632437,5.192322742183429,6.318844035415424,8.838134427825574,15.013333657429392,1006.0881189757025
2023-01-05,2.660646024146922,3.311631452859181,80.46425269455497,4.946274963413971,1.581549569260996,9.145223840404181,3.0979944169559235,11.478842428739402,1014.1503477547903
2023-01-06,3.6529425542708642,11.153930228836147,86.41242848448893,7.763319577390741,1.8512300521792162,12.536800412705468,4.374199120334332,13.367404847280412,1023.5320451595923
2023-01-07,2.993924812469694,5.617539525282389,84.00125889019735,8.953079397873157,5.369973315116587,2.7951575954036243,4.830305833655865,8.960946860899554,989.1568820267603
2023-01-08,2.073746245242386,8.638768674603368,85.14012451612471,5.8862585367864435,3.611027701087252,4.288989224345949,5.6465036868927,12.33716250075857,1018.4609564278248
2023-01-09,1.298203777118294,2.9370542516368383,85.18377081231604,13.8123947624265,-2.0041087538368707,7.263925351518067,4.0845439865253725,9.971551919247636,996.8680181982994
2023-01-10,0.7200599049211281,7.348554433413982,87.69067317549263,9.599589014380008,4.652677446346464,6.021046456136071,-4.777688023200954,8.370569883774719,1012.4470401973076
2023-01-11,3.0403064841586835,10.238167450902033,89.30448792033367,17.63248730254624,0.6632846690484366,6.335179418217356,11.19330667897389,9.758733258432915,995.418046886199
2023-01-12,3.789211418347214,2.6214552117405923,83.83250948875857,6.605723592405301,3.1182377636848067,8.070656493953424,5.462398952522594,11.491088317975745,993.7972365736046
2023-01-13,4.874484953225448,12.316431041322868,78.32527446724053,11.295890335653583,-0.43047044096780906,9.713589805627905,5.684969020341134,4.741025224861897,1001.0527699716497
2023-01-14,2.6389530552704223,6.069097385657882,74.926139258958,11.289838410313493,2.3219589732901453,5.991733908489613,10.894426642748755,7.961023010590273,1008.0684110483943
2023-01-15,2.127102487578812,1.9173221691795272,90.29454532981366,4.259278346532598,4.40749896553046,9.671108861572883,4.154184845447929,10.13437354458559,1041.9271113221612
2023-01-16,0.81028237398478,2.895331908364427,86.34188131874654,13.775619605109071,-1.935284115902654,1.3064833510486586,3.9493964128490733,7.125360652832143,1021.9030813426459
2023-01-17,4.162483630079865,11.56662750658295,81.76787467480689,12.881870749008113,9.449909484678589,2.6724101226735586,-2.099727671636522,17.75350932366347,1015.7259721719619
2023-01-18,2.813675160180661,4.404988542286248,83.96734069275483,16.17383941671566,1.9409681342839282,7.239132677229735,1.595207931121849,5.187851306645754,1033.2753279159012
2023-01-19,2.1423347684552,6.464949774410718,79.95007443782342,9.223583045662172,2.4553158283787777,8.42127142660624,0.21958403176678631,9.461570619659419,1021.539480913798
2023-01-20,3.582008701310421,5.839645361151458,83.72516630463035,7.84488831175393,4.354663189363058,6.944551794412824,5.867440048201037,5.648250683346476,1005.8898406636129
2023-01-21,2.79770426866701,5.7334666474921505,82.93748962022437,11.469002369564123,6.551720891099151,8.37242538616387,1.590786769966373,9.557653432028129,994.9713819674225
2023-01-22,1.452254365861512,10.692949971103928,86.4368778030621,7.604497117961259,-2.736731568065265,7.2768869327077,0.4218100620370704,9.871517862884861,992.9210155555666
2023-01-23,3.755829975679355,6.416371088901519,81.59205606107942,9.001697215858682,-1.130565862679692,9.695942423225851,5.4922061587407995,10.980044169757795,1003.6764295288688
2023-01-24,4.634082041788772,1.6441391810408192,86.2436122729543,9.792929562785693,0.4175282272534351,8.229202366567213,7.145474455766603,10.620694134669073,1043.3541355753105
2023-01-25,4.693055163135268,4.83068314965944,86.74347702962065,11.634270401716122,2.4733512231832875,8.572699549944122,3.5272566772700458,6.415695361766446,1007.5792474108857
2023-01-26,0.8475066718376492,7.995751764554443,82.75072013648655,13.047280179575615,5.607827792712083,7.237639197250628,2.1161178072354927,10.390100350017669,983.3339966686436
2023-01-27,0.7274656771712577,2.4650875316496785,83.25203038629195,8.65232183715047,12.126614130622954,2.7643005473358437,1.4123288229418862,6.72611368795641,1007.9969211950084
2023-01-28,3.357047782463018,1.2777903281986214,84.10835942673329,12.149488075195903,2.023467887631603,6.7803223491744635,8.102108782023482,10.866730698456603,1005.2769459946833
2023-01-29,1.1575229204127493,12.913440422589893,83.82339645386051,10.834416336360938,5.742892070228478,2.117297166956827,2.4971876717205146,6.759427855489429,1009.125296988165
2023-01-30,1.7433751164262545,2.9367880622203932,79.61964335525147,6.662199860064906,7.088267483131183,4.302884240086444,7.165587505569,13.637204418130535,1030.7819346993765
2023-01-31,1.2690175338856193,13.5149790918765,83.76660954578996,8.002762805484355,4.615797493309807,6.572975174097453,2.9636501513507425,5.018936403952194,995.5204652584999
2023-02-01,0.9724391406170246,7.008057468442837,77.62965052008406,15.526057548962132,-2.6469906930974236,12.787327697633362,1.6759243157136963,12.14552857111006,1026.6323897499408
2023-02-02,2.0147638360494273,5.1849066444576986,72.7429822532751,16.047407872694762,6.067109725021875,9.144324179226844,3.471266514113899,12.169234921611803,1030.349528780913
2023-02-03,6.228848713660249,4.820089727783387,76.52712176407263,18.16756661075938,5.927278205477086,6.120018555461569,6.771410520050999,12.676112793792207,1030.8081893407914
2023-02-04,4.040720770393703,2.172488334689608,85.51234887577326,18.161525052796403,1.8055966092124667,7.596004205502027,2.44574618490836,15.270891669193933,1000.602555608193
2023-02-05,2.89712889669189,10.208408282217762,78.04110438488362,16.912916358024233,4.406091377348559,5.7895071974368175,2.2665100504254765,12.964354310124696,1014.6609924721604
2023-02-06,1.5763756468194947,3.811103925401358,69.6777244714464,15.893467321991137,5.778679650069816,7.919609102517841,6.488790741796957,15.7108255193944,1003.2280155576966
2023-02-07,3.2892266131801504,5.767424130960912,85.18895389715837,10.950498977763871,1.80690145347468,13.800450448480149,-1.7009755237372968,16.032628328946117,1015.8698607681757
2023-02-08,0.10424786298364556,2.5259308922664414,86.89611946845324,12.356454471356107,1.1625171847597713,8.813114775188996,4.516575954344936,7.376241472134769,997.1533968154242
2023-02-09,3.854702992737977,2.463270915882748,71.05110166743864,7.204486299402116,5.714243376279821,3.0863722516003085,3.1205750180155145,9.175095224330047,1023.9897330927529
2023-02-10,6.667265913282474,6.220876455604093,69.77560944210646,20.780985450257546,3.6623934276489507,8.496113742576485,-0.45076788864694617,11.709207025874685,998.1626156400151
2023-02-11,1.740674504626501,6.576853050187925,79.93241549609183,11.490451335869054,7.654005726378878,11.505599824209751,-0.29910893112077197,13.532287235440865,1034.2000661715433
2023-02-12,0.6202662984594932,4.104926011545365,76.11656042823464,19.67505598014876,6.699118656976581,9.251161401330455,5.374375853269612,16.591324347499114,973.6154572691447
2023-02-13,1.1841759255159987,2.4364268250695984,82.44216597949284,15.442180331778568,6.75654882349931,9.451124880031447,5.985669262839718,11.298294320374719,1037.8293904573352
2023-02-14,2.9330844529327678,12.894614672478168,81.16716446311213,15.811029041385833,5.8246418223378145,8.188446912452624,8.434645565733309,11.327182300306776,1025.2851024260735
2023-02-15,2.260916157066622,3.485777526320072,77.35846834532691,17.209818253319355,8.232218302876637,6.942739482147456,3.2948319679976343,17.61559693737858,1003.8973092050874
2023-02-16,0.432682134856195,4.431351517721324,81.67601624964087,17.298198334036357,5.464631696363593,13.789248152330284,1.5337631022550933,15.570449580955888,1003.2120046319039
2023-02-17,6.240669281000813,2.030914815983904,81.85015911137907,21.337345341451467,8.817927941185,9.68475356011002,5.67559451212774,11.968794024586076,1038.8204666511767
2023-02-18,2.53740185108372,8.932422963246404,87.65297590963246,18.023758898223598,8.31360763139028,11.969859156796876,4.487122834699374,6.947633185105625,997.9081337177006
2023-02-19,2.273058218248878,6.971122187678075,74.89343075046372,18.496297500002466,-0.6180135163978147,5.278386572928315,4.967593459932284,16.826943919946242,1019.8983300118052
2023-02-20,1.7692212657597879,10.741217491443496,77.14480525792149,12.0729387594407,-8.359044494430188,9.745102948213981,4.207003322713995,5.811969320015555,1018.0431241198411
2023-02-21,2.446141889224648,3.552719769298006,72.69311375489625,13.263326385032947,3.396733205618574,10.358586005655626,9.747745633957171,13.524252034174845,1043.7890959165181
2023-02-22,2.6843636275931138,5.6540638674223676,88.79698687708878,9.82897596035008,7.303454256375025,3.430665808808694,6.313510685097935,15.789538086426154,1031.3121544043497
2023-02-23,1.9481906223566376,2.0262658705650156,85.11331101826724,22.074398304406262,4.513409627469838,10.494273683128005,1.884686737245081,9.015066745294819,1017.3234447790358
2023-02-24,0.6539576990829656,6.824783083541727,76.30728934182991,19.468688386928132,5.26909309239576,4.672511320582122,-0.21252122442501475,16.234730727748943,1008.317443046999
2023-02-25,0.11120349308971875,6.091703558339443,86.5773049325343,11.73536186526137,4.115051167442317,11.181814932680458,7.83088792945206,3.4761983434386936,973.5523844020995
2023-02-26,1.4273635720068882,2.7341690725795877,83.30620820489375,20.024314838965516,6.420033553166548,8.466463380099356,-1.3776952486207188,16.539274857078677,1028.5650633069404
2023-02-27,1.747781233929435,2.6499947630541536,80.5582738100448,19.376571762030345,7.026046175245962,6.650243001254862,-0.33733627204159067,13.950384346378662,1012.6357149771675
2023-02-28,0.5576880186386691,3.7289620809290898,80.77207296293622,14.761063245139807,5.407328734710608,11.67707166186482,2.599561097724282,11.096044396110255,1011.0042104625902
2023-03-01,1.638593564808698,2.6178394421479805,85.8287741939155,15.178900449250811,6.5611126516507055,7.786016452608417,0.7206270371298156,13.010008666205186,1019.2659721814795
2023-03-02,2.472281781754274,4.959939614604328,87.97671405124854,17.383073081747902,3.8669386454190606,4.511152935970346,2.1211493731879862,23.109194228528317,1026.9958423633782
2023-03-03,2.6517457072760897,4.431608242254935,72.61958097106603,12.041535530141797,4.354893888906545,9.482188887330352,10.027679787285368,12.686595892761861,990.4482210119095
2023-03-04,1.1605295617835871,2.2193975294376265,81.21518379696175,13.594347982431714,5.955143106194001,11.243733101698146,4.706198377813868,10.504881512555338,1019.7294772941614
2023-03-05,2.8738130347885393,2.5719316742398433,79.78073078511736,14.47036809530419,8.194115896912663,11.498034583717937,6.545274799534738,13.029617801992572,1024.5395749750423
2023-03-06,0.594143810468269,4.373293746260111,82.69186037041464,22.68228012174588,8.148254500656734,6.105330302524227,3.532702244187541,13.595040684222651,1014.0998861508765
2023-03-07,1.574967737087062,4.435767684024094,72.86272962919185,9.051229740528031,10.053385099710475,7.331768182469544,0.9272043376347878,17.512884126347803,1016.4755751663258
2023-03-08,1.6955277398796846,6.09469874007181,84.49988156218558,22.71263301431357,2.1106445868743346,10.965430836680637,5.721812664126047,10.084985307935755,1010.6555995294282
2023-03-09,1.7176486510560611,4.397140840087535,79.117180611018,16.726640588514023,0.5350350127425312,16.188323457268595,3.0422603200295075,14.33015080497347,1035.8112735023433
2023-03-10,1.1533665325235833,8.259128350328924,79.65975349422021,19.420189860917304,3.4092135024723733,9.6514781375822,5.12366444809853,12.197573496025809,1031.959878774111
2023-03-11,4.747770016382377,15.012786711787264,78.83148749895065,16.411097853398655,4.590146802129061,9.436047988588555,9.290358677002637,17.886732499136436,1011.4755984135278
2023-03-12,0.7959534503480487,3.3651415137130534,80.86654259552807,3.727611304181667,5.571915648156786,6.989335510588482,2.6114174059095108,12.590431914727313,1027.0884226792361
2023-03-13,0.6510936763332252,4.29423513398901,80.56513455063785,8.083852142860717,7.125365615412318,10.148536041498364,8.955061289486443,13.631337044036504,1021.5290752555056
2023-03-14,2.733872593198405,5.497161363525901,77.97839289566167,20.491026823441864,3.2303175131164146,9.864155129772143,10.896391365402458,13.117708711446072,1033.0733284612597
2023-03-15,3.5293908430065093,1.565741521455196,78.27072485793954,16.727300371814618,3.8915652993903382,10.139537816730238,3.2935998725136146,15.068126194654745,1013.6797908217565
2023-03-16,0.48145765656284906,6.457436541540741,74.92765558213941,12.817352253165328,3.376639944916663,10.49035242515812,3.823355964657511,16.688018749000907,1020.0423940927116
2023-03-17,1.2870226549321184,2.0230766656789756,83.68430349244241,12.748381059079485,5.601583950699868,9.799473119885175,-2.696268921573603,14.768495964719685,1013.0671767916541
2023-03-18,0.37271016393704054,6.495918182303759,75.67642923142466,9.315372022631262,4.118025301476228,8.260457308437056,0.8777590325622966,20.198567314133047,1007.0152485903108
2023-03-19,1.3810847110367486,3.315606764825134,79.0831110155228,13.753714102153731,1.6398722782882498,9.65821261372806,2.7933048234492626,21.56411626536865,1014.0035055226551
2023-03-20,0.7811598502034887,5.161561644316265,83.49452107470194,11.830213273873053,4.351590110862274,9.84804241910327,5.980839138893618,9.511024355336556,996.8026381575769
2023-03-21,0.4370653672514479,9.81454183928312,75.21663332112917,20.130561385963276,1.3824676974282006,10.766672233089656,8.10498767282313,18.57384960152904,1030.4603047060318
2023-03-22,2.5007043180078368,23.0594980890183,84.39735264472941,16.59622219052118,3.639203245070748,11.625215721426555,1.4342436362782016,13.503174358724383,1027.2041311856924
2023-03-23,2.975694182697762,2.825925037537431,80.78649960239773,13.52836915816494,8.538611208679802,10.039044742974731,2.226758597196988,16.767028680794127,1006.7759180634926
2023-03-24,1.1441988040596922,3.2321217355099816,72.48906113468647,21.710104344961234,-0.568824306603485,9.046221111132672,3.066314264422095,12.26807382008295,1025.0702092628285
2023-03-25,4.801861397842968,7.866942262694465,85.09597977780763,9.560326986658554,5.438837540063891,11.789017233304401,1.2741914274940611,13.99300550897381,998.6132993365424
2023-03-26,4.445063631674792,4.505965997210701,85.9702428825301,20.750421843022426,6.170197612085288,5.166125768912132,6.516222343035815,14.899585724670718,1005.0225380903015
2023-03-27,0.3706594958562687,9.126307987107472,84.39895865380728,13.352613710728106,5.038736903192393,5.79489618225924,3.635064203566852,13.578131692356378,1016.609809317063
2023-03-28,1.9299929556056794,6.41860893422806,84.87423527590835,17.50023112857296,2.164188578717951,4.609199484860891,3.455005834659435,16.126163931605056,1048.2110742049526
2023-03-29,5.338029777759717,3.94398906413639,66.18309716701685,16.710671723659974,3.7999450863788597,14.262071499809403,5.961333016297083,7.323282759848782,1015.9132255909362
2023-03-30,1.0521902517441528,5.732466961493483,83.13567674473038,9.990151795726161,4.687567676975806,3.25955272359567,5.344616197677009,10.463846662875493,1031.784829438779
2023-03-31,2.595495044804006,10.549822880516297,72.93401325010976,15.130251820866302,6.01211151897905,4.584255576801731,-1.1207767334978387,13.802251869420294,1038.2180588740368
2023-04-01,2.378982077744091,5.146633638082847,86.96510297991213,14.165108389050921,0.43804657736539454,7.547637142602108,3.38641587628278,16.763799628464255,1035.196077769073
2023-04-02,0.8090025849901409,4.738039966424798,74.77544701367131,15.433442653788822,2.7140744674494393,4.296059462529893,9.657531929792842,6.111554334524577,1012.9868521696189
2023-04-03,2.0702926427599744,3.9522626984190263,86.38162946907022,19.960064014743057,1.5214701902394427,8.674843243756921,0.5781614798199235,23.442645453094755,987.9799803157229
2023-04-04,1.692128642595532,3.3087797487222335,77.87467224353799,15.019369982209085,5.549655566518855,3.368387938823714,7.005114449432814,11.479755785205235,1011.6081064748729
2023-04-05,0.5654323301979657,8.145311770200008,80.12039877332498,14.548210207028598,9.63851376026321,11.00371612714861,-1.9324717924986397,14.67468419444985,1034.9807533896926
2023-04-06,0.405107366143566,8.560346141837922,87.87010433951562,16.300631061099224,10.136507266351009,13.596838824401317,7.703846706695502,16.25969421356465,1009.3804287164309
2023-04-07,1.6876197115584946,6.259983493876468,77.24821678765153,15.293604823585307,2.7748511672350986,9.827209396869234,2.9995551718940545,14.685925714369022,1016.3692135962832
2023-04-08,0.5424214947054838,12.712616188821125,89.41811888085164,14.329096775943443,4.953469032600928,3.341591125779283,1.9901182466911373,8.683887210757305,1011.2183375786278
2023-04-09,1.4111886167809085,5.727342079318866,84.56134168188981,21.028978685246308,4.238598564066694,5.077647152021734,-3.0892159267873653,10.543724836542248,1012.0856321415325
2023-04-10,1.4760892924412647,8.558355358319155,72.30825244406722,16.527996299659605,-2.269644221872271,9.799376460769825,2.196117041562261,17.37252261962387,1037.6305222235862
2023-04-11,1.058257716280296,3.223911001493742,79.49460370157527,15.030458617252734,7.419148506143882,6.489192651445008,8.906104771604191,13.242830301075196,1022.7231110935952
2023-04-12,0.20173121562849528,10.144905741822223,83.97458732660942,16.372042953420358,3.813261191456564,9.3446539928588,4.1326096984093805,11.212733034854024,998.706777905965
2023-04-13,2.4491681103146563,4.236012681262645,80.06412280123098,19.84230797191538,9.391387052545241,11.10488586549595,2.300077516461786,14.666372269757536,1011.0656326413941
2023-04-14,1.245452625418776,3.337186083698418,75.16908645063154,17.552334941926702,6.595443014431237,3.791684100122221,7.591682514265672,14.627168476545313,1003.5871932974239
2023-04-15,2.3610345398774695,9.5002836222583,82.57334660723285,8.814538856144601,1.6726918680139171,5.452715138150786,-0.4551306614050574,8.684408167260093,1019.3249293435391
2023-04-16,1.9255162114241828,2.017417729756168,75.11166245158427,16.306558490273538,4.491557111827514,5.032637898613046,3.160561921702711,9.87994089303335,1007.4736574231562
2023-04-17,2.1310042539424257,3.8110161453463434,75.86491056732649,16.950297643301496,4.853994331499474,4.2745821729347995,4.435563047448274,10.231851948947524,1029.7729152462268
2023-04-18,1.919500494477772,4.023677060139985,80.27031889239998,15.417120812510726,3.15914933555627,11.11062596151766,7.9790839422466675,16.78044874612867,1020.5327626135529
2023-04-19,3.773151187301901,3.342164260198043,80.17734161110354,15.77259880888913,2.511847171820392,12.347382502911461,4.413828100139925,14.826215507232176,991.7600457495571
2023-04-20,2.460159379354427,3.393479000743282,87.14295260085223,14.84068099172049,3.9066908003506997,10.541362114675445,2.2309629267124853,11.851988003812913,1040.8206866159724
2023-04-21,0.7952740474890955,1.8434141060080962,78.49471453147942,11.670585402069856,2.818880378955644,6.709291250979409,8.910477248017223,10.187999242487358,1000.931061612891
2023-04-22,3.252479059418612,2.413088919096228,78.96682541395023,13.400884167358088,4.873366682555831,9.507333615645699,4.193810144186541,12.30302577849841,1015.6455204058477
2023-04-23,1.8591799584632458,8.343665548923088,76.08368148979088,13.250979397941903,4.241235042778533,5.531478555570412,5.194864246216342,11.223010542038658,1007.4242103684469
2023-04-24,1.741856665595795,18.154495090737555,75.0550902810335,8.517262797836786,1.0922029918762544,12.924488780368351,3.1149699590976043,17.421544935397804,1004.7505236608895
2023-04-25,1.1858252668805456,5.0299898345964715,74.4363210943439,5.73345513881967,0.21888084949619468,6.670832363421985,9.387053202909236,10.614245456577137,1026.3248292078265
2023-04-26,1.1710697546487936,2.4761966439039145,79.65515960863101,25.765237455568137,4.670422787800498,10.424036125350089,2.965722607189125,10.46019294097632,1016.6223071717375
2023-04-27,1.2538549085980042,8.882879327959161,84.92337546090488,15.90825544259151,2.6563635989578174,12.140353601673338,5.956490726963514,19.622832746441272,1020.697826964286
2023-04-28,1.1465075349380887,2.8126785555231204,77.34268651641221,11.472035017911335,4.262471071100494,11.950206123996704,1.1518311529266505,19.230710621525606,1010.3068806500081
2023-04-29,1.6232757064792491,7.033914928429277,71.93382911196124,11.193424769147564,4.565523533936526,9.796575762950843,6.108426701751334,18.88330913506025,983.3077133393984
2023-04-30,1.033740628233728,6.961086445509338,74.19830170261699,9.16586691467247,3.306075325856229,7.452127058054092,2.6270757246005614,14.89250083794609,1017.0944016813761
2023-05-01,0.2793906637656689,4.6457759044565154,72.29295489914313,18.44394524495236,12.432361518806871,15.788086720716482,12.11941957496079,23.461309843999537,1010.8382062250427
2023-05-02,0.4169785571578862,4.605563561089467,75.99104766024719,20.661589511576906,9.889493008180562,14.208065676194414,11.86304585718715,25.182981608225106,1023.3923916246295
2023-05-03,0.931805193417502,4.976149062654945,80.29137993426195,23.488613183150395,11.264766522455854,13.150755957492517,8.45585524455361,23.281304043652707,1008.2220258719126
2023-05-04,1.5196995102990463,2.8412340507582186,87.45536075474924,23.358389238311926,11.590112380369561,16.165804113960334,9.90637193691315,24.58840738269149,1021.40965273902
2023-05-05,1.94569429568095,4.594520584791331,70.41992722002483,21.72866878931604,17.39618839638504,15.181388148863395,8.931137921166137,25.244324667006854,998.1737975740675
2023-05-06,0.667827252517149,5.199140546409106,73.02841638633623,22.825453030065763,12.319387363915684,19.21401845685507,13.05630339184468,27.113191678327844,1007.6186385581333
2023-05-07,0.38831797872268276,2.5327236699971323,90.15618962207787,22.459506577359807,14.583069821633831,13.028536232708598,8.019147234066047,21.68874060493769,1005.1632520985585
2023-05-08,1.4250047313555436,1.7724078596411368,70.74252854468497,20.105731220793206,14.311759451880647,21.76372021945842,9.972366607187165,20.622164181638137,1022.730327625491
2023-05-09,0.8215059970021834,2.9421694139105083,81.87696776177889,23.558588800273714,9.786876401014995,14.697609101881827,12.500495152975805,28.92732911651123,1026.6414140429779
2023-05-10,1.6806828441712143,3.7482966287872754,78.43587244088685,18.702640134218832,10.55421346234671,15.515779112129657,11.756649017357073,21.328257710884824,1015.7183523378737
2023-05-11,0.5867013941151008,5.341971438420384,73.10853998125134,24.511759863063794,12.743371856688182,15.785256456078207,10.573088119888487,27.780090446850046,1011.064396446913
2023-05-12,1.209998030423125,6.432706647811203,79.94111299504596,28.444578227673766,12.490924279766379,16.274497495564972,9.963075376616494,21.289987680786265,1023.5114554991324
2023-05-13,0.7384263520408834,4.601347096703491,75.82816637130234,25.29557628699322,10.825443229152839,13.779607842120797,11.321251398310306,23.820699401406266,1024.9669765740516
2023-05-14,1.2911453389037835,9.734183845790467,87.40185308683276,28.564293469940345,16.45285444289593,13.63292781673547,12.981128002052706,21.329818867113044,1008.7507626458722
2023-05-15,1.4636304784403888,3.9084305865796827,77.18660011165245,24.864125083656614,5.948857706266517,16.42928472330927,8.52095297450645,23.473162186080224,989.9630957695091
2023-05-16,0.22855856818741674,2.469899499886162,75.4895504695103,22.47604230467815,12.67430406332667,15.892639286775507,7.1819863091184475,22.200954559853265,1000.2581726010034
2023-05-17,1.687278330492918,9.572488860191307,76.79270638473074,22.864251452546952,8.508525088879752,18.07801499892434,9.598428997461756,23.509552003391953,1015.8431433257443
2023-05-18,1.8789383895960001,2.6175953732876396,81.80587814393485,23.605010494945006,13.90337425227457,15.432950464092775,8.919318582915139,24.44109088568577,1007.0635315523117
2023-05-19,0.786354225729944,1.8028973195032534,86.76816126857365,25.240349824959896,11.765288702618367,17.084227445745167,12.85863135833312,24.426824212256463,1004.1031264855113
2023-05-20,1.681783077898133,3.001452723193522,66.74805460444364,19.844764195149168,10.90891137621687,13.567836387860757,10.002193122955209,21.991338109613586,1011.5713301212046
2023-05-21,0.5485411859350866,6.148310041915864,67.93905156776827,26.053930432539858,8.19468527647307,18.320147436909757,8.126891320449664,24.21638001344776,1003.3454463212297
2023-05-22,0.1784491483915864,3.9307894879019827,81.27494182599403,22.819635821019045,13.89700064756073,19.27605882398373,10.202913300007065,27.97865540224113,1014.195415815086
2023-05-23,1.007496353217116,5.247727990391228,83.40109324068854,18.889515078562557,10.10263622610377,17.237888649231103,10.106197205722108,19.318857160483887,1023.9427887058995
2023-05-24,2.193769203114652,4.855493733412336,84.90904619302174,20.925319804808005,14.929389217199656,18.46072571435386,13.350991625681424,21.413747284124426,1019.5057174197552
2023-05-25,1.7446010085548598,3.8673633903427502,79.27375165919611,21.033066307346385,11.880582854345224,15.393010430999851,9.3919220895961,25.48993199911469,1034.2737371764404
2023-05-26,2.0809374010169854,3.0008856618066804,81.81418128762307,21.029940009763823,9.694897450021504,16.4222489424151,14.084660208836109,24.08427803929987,1003.0684749207696
2023-05-27,2.047569990268893,1.9378086089569324,67.90611992574894,18.50867677180946,7.572784797918377,16.268783961803937,11.656607925164817,25.715030741556305,1011.618702508593
2023-05-28,2.0691771614422563,5.830279954053442,73.74164393033966,23.198507973759682,17.658923444127293,13.869495777930839,8.537164072042122,21.4480019045908,1010.0552284418873
2023-05-29,2.4943274840325067,7.212066901731262,88.69311590140589,20.57883229392293,13.326987311105867,15.371889189613094,8.295312751530718,23.98288030610462,997.8407951424412
2023-05-30,0.7115614468485525,5.4594737115439305,73.63513786917228,22.19545197342883,7.347988093202894,12.939341851212294,8.668365466216246,25.251973153792267,1021.6620328498344
2023-05-31,0.2872189935441873,2.525529151556912,73.68681423881046,20.241445791611884,9.208086475910687,15.219674233208622,11.6989031455048,23.125029800450218,1020.1377153872392
2023-06-01,1.2804229813776753,3.975953261996948,87.91922651782446,29.82665625156428,12.46782493936923,16.44374793286216,7.022378688446202,21.85757368331368,1020.3235656993138
2023-06-02,2.0168756566315085,4.5280695167433604,74.33013390278141,26.82017363706215,8.395916229818855,13.925512245238561,7.764292246856857,20.54071065146078,1018.0189866352677
2023-06-03,1.5912759959063139,1.116021842156309,71.51913145704029,21.06932932734268,9.502339398562022,18.608112474191305,9.886263849616974,19.825967630830267,1007.3233050936841
2023-06-04,1.1073408013868642,2.351585036583199,77.09501217513433,23.52909043159125,11.186314415733682,17.167381268286682,12.456640695586504,23.183510620323247,1014.839910772493
2023-06-05,1.9543484098024115,3.3575393239969475,77.28538358721522,22.472699084717263,12.155445337087077,14.677872945758939,10.920573107348941,22.238757058223154,1023.3672091003064
2023-06-06,0.9068773313131127,5.938139823145692,73.4582092793716,20.320239971171215,11.299278451774148,14.629096555071627,13.23393490130955,21.249962431166015,1016.8444856531834
2023-06-07,0.9713625169992418,4.1400873678674515,81.94511535386994,25.8416899749545,11.875968399714072,17.139524888513396,8.144674577738918,21.331620819496344,1029.315798281299
2023-06-08,1.1562717606715607,8.797524113804272,77.79639243987137,24.286828994207568,13.37252993258948,16.210986301425297,6.075034028560715,24.855940468223256,1013.8049379273949
2023-06-09,2.3750475789611865,4.507886435591556,75.66626366206147,17.681611779643376,13.322394831586447,19.421220585991723,12.538117004687408,21.146935461069283,1020.992677223193
2023-06-10,0.626796561911839,5.902302838497088,81.18798690480622,22.60779373194412,11.451450694768539,20.093592066454168,7.269058373212561,18.729137214136905,1018.4475734759947
2023-06-11,1.1828916171915158,2.9582862012182147,80.33629142691365,20.823948263424686,7.432768171311141,13.152359513406752,5.802461046856917,20.453302192763516,1015.0049623315621
2023-06-12,0.3156485735115653,2.2817982297245463,80.95893270390084,24.494008325831427,11.843540812075311,14.310274548398068,11.624839179949687,21.317598424167283,1025.3073709245184
2023-06-13,2.01415238639088,5.309425357557435,84.68097393560109,22.009033542750014,10.54829597862877,15.75140701525584,12.954671057363957,20.981321699764912,1018.1330269279479
2023-06-14,2.4096138563704854,1.168758667939373,80.30840279957334,19.940643778901173,10.77898446511267,15.948295102275132,13.555698093328587,27.02209798620178,1028.1234372428842
2023-06-15,1.1970071295042284,1.2367084372417025,80.19823185446165,28.51057741431354,12.757486569117376,17.673365603637624,14.296531686998307,19.12080296102125,1024.3341226268
2023-06-16,1.8739862615800238,2.9153622253994143,75.78016768850749,30.17891932751264,7.613753879747314,12.761418858360855,12.550864932733507,24.004904167290142,1026.0349716593792
2023-06-17,0.5925752519063704,1.5847311715070758,78.22877482045752,25.595881857508466,12.87279267838602,17.7845833744994,10.228053203753891,24.432467813301255,1004.9072278932724
2023-06-18,1.960490646306626,4.383567145183572,73.77595375278955,20.174941672696324,11.047806580162911,15.686682506637846,11.30657301890686,22.178965952175677,1008.970116122609
2023-06-19,2.026806681847107,5.057989479064661,83.32931002336943,22.441570595806102,13.902586273453373,15.037849913963692,8.979171901728341,16.451531337990062,1026.5412433314398
2023-06-20,0.8972408473903393,2.941552262288784,75.40805863696013,22.278498068690027,11.176686306449849,16.546875165018402,6.759081419128585,23.842395400070398,1011.3850829727012
2023-06-21,0.7323761553838699,1.4891609140801152,63.90380055264407,24.53154787470109,11.734679136895469,21.86048326190689,16.010993841876058,21.870245078127734,1017.3500352987011
2023-06-22,1.5767785834854853,2.13513777905426,76.72852624785767,22.076684077983828,10.22798747659213,14.098586337463964,7.318450869071185,21.53910422455226,1022.7694231249544
2023-06-23,0.22798532997770182,3.9401564375881097,84.35788221654434,23.662014122710424,8.586900172939188,15.23923544354579,11.10274043974223,24.20914021695878,1026.4666249104778
2023-06-24,1.5893076007342777,2.9207907718120145,72.45788766701855,16.253267127461633,10.929025872101233,16.991353115366625,13.743785876434618,26.589864624685216,1012.2399739541004
2023-06-25,0.5274090689499573,1.8528928362730848,83.72019381276078,23.322301500539638,7.11582875695159,16.045460472565757,11.722807901249354,23.261016560699602,1002.8104779303727
2023-06-26,0.371719102869384,1.3107485153770226,74.59002257025057,27.13577656254193,9.4440287068007,14.623169372104616,8.041522514802617,21.48616057642173,1008.2144608811853
2023-06-27,1.5884944921398643,3.255613362760983,67.86873372468051,22.38776304477071,9.1725329477613,16.47461282639434,10.191681913368292,17.674542950758223,1007.7135223678774
2023-06-28,0.39828290508197145,6.591470491760229,85.53678503492063,22.195802701110377,14.25207772900016,15.233879727128894,10.574628613423187,25.144621531677604,1016.3672123496116
2023-06-29,0.6168112183369833,4.41495766551171,75.47557710845814,26.555850385135315,9.608552741262045,14.400040062050458,6.519541801789637,24.265221783569,1025.7798340025877
2023-06-30,3.129345591035537,0.9537557087985077,87.40454660225308,18.752868766969993,8.118731016011203,17.444726224941967,12.473273185164118,25.28345833371976,1008.3912600601124
2023-07-01,1.657482698000453,7.970968433593534,85.66084739314945,22.764427218798435,7.782688372541409,15.276122893572758,11.049433395559683,23.74329793287925,1023.4177325019442
2023-07-02,0.7427898762818244,2.5095008409830073,64.8457312649777,24.582568792498343,12.784825870348971,17.787508937910108,12.323122307035316,20.655809164841383,1026.698672049742
2023-07-03,1.4814092973854756,2.7506177537910905,79.85599263849845,23.38255917219561,13.546229049641589,12.815595207917786,11.253752387291065,24.24285319906631,1024.7240476949073
2023-07-04,0.5710842414974686,4.549505832343662,71.02115516963957,25.271145104353277,10.74161334725473,15.869441065582064,16.781980534056146,23.1347191741773,1016.9573522982247
2023-07-05,0.4156369657140522,2.8309948601334947,79.97503530661476,18.448028414180268,14.014727580904733,15.029924596770648,11.156630986038657,27.396321853201314,1009.2509808701744
2023-07-06,0.45473345951158084,1.6762119572707839,72.9141620021314,21.76413836707457,11.840491118705401,20.821422972788913,9.715617014784172,17.646164166810593,1006.096082368878
2023-07-07,1.0548547666368178,2.476653557887917,77.72565708727342,23.865375810634415,9.540815364296016,16.751582434540367,9.523505332845954,26.130450600938833,1004.3102326423814
2023-07-08,1.2006738998706834,1.8314877910008103,82.2237347152842,27.624583494392834,11.675129210367983,15.155249277416432,12.222113613369778,20.206358335696436,1026.000090410876
2023-07-09,1.8500707216085703,2.7325281199656652,85.77460762807728,21.05090062123325,10.325863884796135,15.100390009273335,9.058250364131283,27.45518380480056,1017.2813191919984
2023-07-10,1.5344007273961728,3.882480212780985,75.45317388323434,23.80816269950835,9.88807932743205,15.450059569822933,12.54368669979349,21.492436302367445,1020.2029237353838
2023-07-11,0.9388396682641341,6.12043295589566,75.09528147264034,25.302335117241732,12.439248750142944,16.127663976096606,6.9881298104237,25.121938404176074,1022.9763152519249
2023-07-12,0.9265321735385762,2.613508621492952,84.64991784965247,24.053359798737333,4.941381523956437,20.851308204193305,9.074401528489524,22.536521942063274,1033.2380811306002
2023-07-13,0.7891554390201063,2.5632213973947096,87.02052748229265,20.800141308544788,14.936400819560816,13.81881521503085,15.02381670573969,23.497514040596794,1013.2308299527234
2023-07-14,2.2894449584992187,1.9977023112724983,79.14589601525859,26.875866251519756,11.29355734934957,14.692132605332423,11.036696501608095,20.269509901217184,1015.8599101563947
2023-07-15,1.4919347607954343,2.267551931174946,69.7835195566206,23.01881360367443,11.800680681064588,12.877670598113571,5.374189322897404,23.564603269252448,1006.8462815154052
2023-07-16,1.0485347158887124,3.0307965718914343,73.94230183134871,24.305001207058318,6.503579715243628,12.131526094841737,12.718178869264506,25.403280620905655,1011.7406359507173
2023-07-17,2.166263271444066,3.4610803369769374,80.24350437025568,20.774322120741733,12.119521339495272,15.172042728779067,11.327772972166684,21.257104048917732,1009.6422187517463
2023-07-18,1.9655241974623747,5.358393144425217,77.83791189217412,20.904218722492388,8.084896160490164,18.296224158792686,10.77856705959069,22.952827589903613,1018.9233498962928
2023-07-19,0.43405015421235504,1.0876965542179229,85.60989048121408,24.91952849304949,8.771984325329761,18.556458543647448,13.311779970472678,25.74429704376365,1013.8820897277798
2023-07-20,0.7030634765325348,5.29756468175252,81.63842693748231,22.5837412939945,12.91871759683054,13.173865028812905,8.278620222119153,27.182942468964516,1030.9852976286406
2023-07-21,0.8067457610178008,3.4606596318676917,79.08021889856617,21.2818174671587,11.802722961247909,15.034955333621605,11.891795599025265,23.631206548362023,1006.4488589164633
2023-07-22,1.3170652576683834,5.95620789240689,77.9713035234234,24.62141394658083,7.50457601808216,16.907869910081356,7.310518491858533,14.584222212438544,1015.1437777882577
2023-07-23,2.250540288446182,2.1118654686379195,81.0112525781596,26.2105035698192,11.270865746557622,21.559656373241904,15.649393795701645,25.231694632825693,1012.3753034846582
2023-07-24,2.5057439162278214,5.765417599432058,80.50239453792753,16.094814964955503,15.506054573167244,17.64243541390674,8.02349454405889,23.265397049123813,1012.3103253786736
2023-07-25,1.9668507398692654,2.1097660869805797,75.56524628747817,18.886101609990302,11.770386760352682,14.459064192760799,13.616417988835646,19.67148199782758,1014.0135163557852
2023-07-26,1.764617134627939,1.653061044266456,68.7212187183427,26.89039712682266,10.375576881471243,17.040706445533242,13.198821082814614,22.982506335569067,1009.207565302027
2023-07-27,0.22782754654405216,4.699439595987926,72.54507373497071,25.170887533347162,15.27664225643002,12.913845401736905,8.554313552583288,23.58879506077158,1025.8270761152176
2023-07-28,1.3656461266263173,1.1387184887924584,88.26240069988663,19.174602462502687,10.82573654598022,17.59951510527812,12.369555092889506,21.352463981834333,1023.4171607780552
2023-07-29,0.7313206408868731,5.293037072410954,81.14844552969615,21.298093901504906,9.685516102049409,17.95664521248814,10.235717616669188,24.111136068455348,1017.2645098812783
2023-07-30,1.7135166345257873,1.8228489035379103,76.22758172861023,23.52204257992075,12.853639869767733,13.367494199583371,9.585187185184616,19.37650887600764,1011.1156080217143
2023-07-31,2.6610141868396946,2.2138307674555264,77.09173539920616,21.866811064904287,11.423367610175049,17.520839818350755,11.684084615387153,22.36455422778202,999.1780528367177
2023-08-01,0.2272496446967125,6.136927268378206,79.164373560957,19.19453795962832,12.489540099650021,10.09755690704662,16.405385401225153,19.584890028334286,1008.0492434501648
2023-08-02,1.2106577791273594,1.841203583085307,93.20914054548493,25.82753510878303,15.637632257229894,14.593241235829211,9.065455900395726,28.535182765914044,1011.7547130584717
2023-08-03,1.265575498342514,2.6650247764922432,77.06661418952267,21.949783207522536,13.11946900382527,14.044284642686742,6.6990972895868435,24.894786394833016,1009.5148973464966
2023-08-04,0.23774148896336555,4.098872666130407,77.4826983418195,19.484100355369897,7.433903937031297,17.06491910235058,15.03077172148704,19.102322432836143,1000.3276162147522
2023-08-05,1.093693032860756,1.669162352759555,85.39667942320408,25.56672699010506,8.426750887067161,13.944837544563818,5.08968205859449,30.3073896160098,996.0853509902954
2023-08-06,0.9246877506375313,4.848945889251258,89.86307610534404,19.40604411916172,14.069872302136229,18.25729727765807,11.92509137288653,19.079670741965163,1004.8474555015564
2023-08-07,1.082923587411642,6.898310503995729,76.87976999092598,17.911023901536222,14.950499843577239,9.350450342318414,8.642868002488076,19.768437376776507,1008.1358613967896
2023-08-08,1.8294045962393284,2.1447657134201785,81.36266739722984,18.005542260086678,9.961070105249537,9.12661560139638,11.946480804685821,17.057848893340175,987.093337059021
2023-08-09,1.6552766188979149,4.581198886703412,73.52529832600656,28.512060212360765,12.999760640689445,10.561798680399644,10.020198654755594,22.40123748748722,1018.4989948272705
2023-08-10,-0.1064450703561306,4.44069240089546,84.45894459207169,20.464759420466805,7.374086599352363,14.78339594299638,8.923902699562962,16.905983883699136,990.1495404243469
2023-08-11,1.5549501962959766,6.149378203595327,78.2493046798691,14.321925005328914,15.335157064914977,17.23397841299441,13.380673517184995,21.226213960535958,1020.8716006278992
2023-08-12,0.8536576069891453,8.59932458167863,77.1508078881322,8.848075257944707,9.209150572364296,14.641625871266635,10.65902823971754,18.731360678266807,993.6085991859436
2023-08-13,1.8415370509028435,7.8240351770088115,83.77724706046575,18.602583470021052,13.468775149813661,18.11792234261419,10.553308708484069,10.624984751228897,1004.5545601844788
2023-08-14,0.12849125638604164,6.248510243495051,91.75204717839979,21.0285322173626,11.414706192340446,15.197058687042588,15.382778581174946,22.91421983721334,1019.7784419059753
2023-08-15,0.6147845759987831,5.198671777042443,79.43807775560408,18.585712609596385,16.37231591009478,14.307525347070268,13.83687595541723,18.966125975215668,1009.936092376709
2023-08-16,0.6137854978442192,4.552875546634493,77.91443446412254,22.22592462369238,13.461384162257822,14.883536340912675,8.70299963859551,23.040438264369186,995.8488750457764
2023-08-17,1.4159475713968277,4.797484386140133,83.74966364609988,23.116681521853042,13.112385736297439,16.720843857201565,9.904724309165378,17.13631202500672,1003.9638442993164
2023-08-18,0.6383823044598103,2.7182738544746012,74.1811633096308,27.914144857648832,11.969619163996143,20.170656242382883,9.958250202219041,14.679918650859104,1014.9285745620728
2023-08-19,0.16992739215493202,12.977783059553571,87.80930839965018,17.52669983404301,13.831694654239437,11.059079394880255,15.49349471869491,20.708484503221264,1011.9433407783508
2023-08-20,1.4842043034732342,7.137172010111843,82.35714913109045,20.91590242551533,8.47328041462622,9.13794634428529,15.01086378128627,22.35112561277869,989.505331993103
2023-08-21,3.053081452846527,3.441931168471537,81.90337006263567,21.501336843781218,12.072389045512718,20.958413782873098,11.354250000386683,19.232308905858922,1001.0430092811584
2023-08-22,0.40447015315294266,1.8370794948569515,80.1193873078883,24.454471391958393,7.065729148885563,13.994160907167279,2.668341921476461,26.9853966626132,1023.1133518218994
2023-08-23,1.314820695668459,4.50456704858647,84.41876318920771,30.898480600798496,10.315513694689955,13.449076256529343,11.48660437771031,18.322044416687884,1013.2004289627075
2023-08-24,1.5547012761235237,6.89739486703538,82.48304167385885,19.743412742191552,11.943449084038578,20.620666823020578,14.60765813340059,24.44173549579001,986.4832262992859
2023-08-25,0.4576573446393013,6.564518105200462,95.80893717300825,21.12216615461736,13.563755766966679,20.073577221949517,10.530682032939767,20.30664643537035,1006.2757411003113
2023-08-26,0.4305243343114853,6.678020233399692,88.63536499756805,12.208998427989602,14.208530673689449,9.504950062347962,14.645956755006583,16.157387017665428,1009.143355846405
2023-08-27,1.3349685035645962,5.103673214074383,89.36420786093157,21.28226571291639,8.800162897183883,9.718521454557038,11.998559001732046,16.419207311956132,1005.8479952812195
2023-08-28,1.2408767081797123,2.7129880994857047,77.9055992515804,17.517856151257213,4.996119345655787,12.33088070527615,15.39193201648354,15.855666187660836,1019.8163366317749
2023-08-29,1.9977625459432602,6.8127881732985704,72.72171652815757,26.197946848450563,9.548967892402516,16.14651680383367,12.599361880944636,24.24638173444871,1010.6451873779297
2023-08-30,-0.2620604708790779,3.7931019016742575,90.08570714708326,23.170013355537904,12.107357015320005,18.547704423088373,14.687329813325464,13.695325222846826,991.2334179878235
2023-08-31,1.572224486619234,3.0646184405223917,78.3869492901609,28.066805228161556,11.499469728049867,17.370473981156806,14.397527752199336,11.395850698154057,1014.7063694000244
2023-09-01,1.8555088266730309,3.651686360683565,76.56401044854317,13.898310357763032,3.447218750447524,15.455261552480412,11.248841601784086,30.877001959041543,1021.0006313323975
2023-09-02,0.38421525806188583,2.218394504514633,77.63057526246337,21.825311637493943,12.727114115260258,12.417231492635933,11.27505448135009,28.68383236952451,1014.5817999839783
2023-09-03,0.7497430928051472,3.1343434782849,80.31826699711476,19.287924945025814,8.303080392304585,17.994122157531976,13.750406219799931,19.02480801590886,1011.6918420791626
2023-09-04,0.42035923153162,3.556047858987442,74.87616737591325,31.791853849755128,-0.24921592720002117,16.26211297809087,9.124043912754102,20.481372133122655,1012.459671497345
2023-09-05,0.031750548630952835,3.2251418967339363,87.15476637042391,20.493509546808728,6.817648002183921,12.487421957454124,-0.15125369657534904,29.203925733877774,1007.8370499610901
2023-09-06,0.6410438902676105,3.8254276191084196,77.20250012876008,28.97592154743146,10.079680566303757,12.173756656660785,10.521210350736453,26.65276912506692,1013.7008566856384
2023-09-07,0.10174328461289406,4.602523066143588,81.32588091712417,11.857661061286358,11.964346043792386,7.867076553226776,9.923135575102023,21.307324412730143,1019.0802578926086
2023-09-08,0.06487327441573143,7.05864510559182,80.16521581909542,20.52874746093353,9.259278596781517,14.99127417418008,10.208623648414726,18.284079525481587,1011.4199738502502
2023-09-09,2.7908179126679897,4.316715021399883,78.83666098458848,20.15385256254966,4.763483191052705,12.876922354612644,14.80227072722628,13.616580997155822,986.964111328125
2023-09-10,1.2898529060184956,2.0476588482813254,79.71399290909534,31.154426503759073,11.779963851109274,17.735798439972932,7.4797105256401775,23.554752891869025,1021.0051288604736
2023-09-11,1.3177482821047306,6.696271896892605,76.19727012591868,27.055458233050064,9.951525739046879,11.704677774359691,7.696220572509877,16.06174215757301,1015.9148712158203
2023-09-12,0.4903651922941208,4.501757158987805,83.85563750840666,27.81021815836173,16.09375764270472,17.912174139728513,14.519582081007345,21.631236849442686,1013.8303875923157
2023-09-13,0.37191348522901535,2.8298627355176507,86.39854741718517,24.33786557429042,10.344807170114782,11.42023275564685,6.698005570259398,20.732943626502383,1012.3549966812134
2023-09-14,2.4317928925156593,7.458544705228928,78.96323173837644,19.9954283837095,8.82271754574677,15.254780453973765,14.206172298978652,22.12948401698079,1009.9680342674255
2023-09-15,0.6293473355472088,5.433371333162611,84.52939242468182,23.161191190156966,12.804248165314585,10.144434076141597,6.527647780472199,26.66289057500645,1006.9730591773987
2023-09-16,0.5728430077433586,2.075958552451427,87.24933429962776,20.04002895185796,10.11130464966266,19.20893445199348,11.654595778768945,18.924245464319345,1026.1746587753296
2023-09-17,0.7582032084465027,5.166183811706875,112.77263736609873,7.906408308596111,12.83636429048873,19.589545020148684,14.922767057835049,27.678975877533844,1023.1215920448303
2023-09-18,0.8610609471797943,4.806926520012173,87.92595925446253,14.306763428572836,12.956433145584503,12.693000941666604,10.749580400468298,25.89224970888531,1013.0800333023071
2023-09-19,1.4953652173280716,5.678005806425657,88.39982689145822,12.710143432306694,13.611164034241344,14.075232263432499,12.754661602210382,20.612889541043838,1015.6569771766663
2023-09-20,1.482204582542181,4.132737432151793,103.9780715309142,20.20839930709076,14.097977323015243,19.190994197610266,7.392659272511782,12.372222285210022,1027.8978838920593
2023-09-21,1.1031256541609764,7.662434444085636,81.90562772899918,24.277858868962724,14.776308795240244,18.60406623749641,12.707308634605948,18.35653835048908,1023.4740581512451
2023-09-22,1.9120945185422897,6.899629065825949,86.36704967548143,20.40318240646008,13.911462832132605,15.301406049177665,6.887696712148535,20.34429575762322,986.4783143997192
2023-09-23,1.5636806078255177,2.830218002891667,83.20867402414979,24.835352357742735,14.39203615680767,8.252701145796054,10.116841907804922,21.466911258527517,1015.1097149848938
2023-09-24,2.440301101654768,5.5888854038865725,82.25155205279519,25.72353500079817,12.249345927660729,12.484854064921846,15.436390043593036,17.510234058711053,1007.4102506637573
2023-09-25,1.6153461560606956,3.0476232439750977,82.6516557285454,21.653438968672454,4.374850418540541,16.12376663369511,9.956048584997369,22.426791853605096,1020.3719434738159
2023-09-26,1.497845321893692,1.6884765442325365,76.84526659607137,23.901918076959195,5.595368024799796,13.501463053404356,5.74220776006733,30.111362966334596,997.7160267829895
2023-09-27,1.0676905512809753,5.632113598205833,83.93481387249538,20.23946518287238,15.156254987666337,17.755219064712573,13.355042721048342,28.18929708712688,1001.153881072998
2023-09-28,1.8356778025627136,1.8094179157032133,80.45962057129853,24.468623939228543,11.608441133968821,17.90267787465886,10.33994581885749,21.44924602405154,1003.3561205863953
2023-09-29,1.1159767992794514,1.7929713492733546,80.51590448707576,18.950958073243275,11.31368217097068,10.776445044783095,10.560714553646847,21.48174292082099,1022.4223284721375
2023-09-30,2.1828638836741447,6.982119504262704,79.88364719363055,22.609286495747465,10.633298462055006,19.472909303848155,14.275616061075867,16.378563822011134,1001.8953275680542
2023-10-01,2.8595487140119076,3.765070640658746,77.40238658649645,27.23746087726629,15.066384669794479,11.544897817344077,13.909304010562737,27.742484745066125,1012.9910593032837
2023-10-02,0.1784234270453453,4.929566781548823,85.26693836077199,21.060641923573577,13.41473968265638,13.053489349728288,10.01543985555309,19.10127758167937,1010.0998096466064
2023-10-03,1.4111055247485638,1.838215306886032,92.81266597804263,17.354196553133935,9.781088087239219,14.745416855021398,9.905166270141736,21.506310535138056,990.3732957839966
2023-10-04,0.06774250790476799,6.239590230633425,76.42042544765104,28.1138913709434,12.333288202056961,17.32541247044768,9.512428516061647,16.620636181685438,1009.4283366203308
2023-10-05,1.1054002828896046,4.517242871927678,82.78533924176871,15.764106749230397,12.537287742138814,20.471658671814733,13.73300039470417,21.48101184376558,1021.199426651001
2023-10-06,1.3978212624788284,4.754060859227388,82.29227882423292,16.035805951347097,12.177865051629682,7.65809939665295,5.47199097094247,20.323081682992342,1014.9304285049438
2023-10-07,0.4507822208106518,9.605748327076176,72.00838361487276,29.450241413358732,8.424284516360856,16.95158341579332,10.097732290398856,27.689015795014278,1012.5801858901978
2023-10-08,0.5686997100710869,6.923610394668849,83.53695027146917,15.744338913902864,16.0869752097503,9.504710734560899,11.427460813400746,22.4235286056029,1011.1151647567749
2023-10-09,0.2242443636059761,1.575179306369591,96.35459493382257,17.208521093278723,12.832099314588547,23.225804110845935,12.317484315008786,22.272174587945965,1013.297336101532
2023-10-10,1.1957061439752579,3.4394886553304453,86.16089810423075,24.999009219330176,3.149037089890122,12.952130699749352,7.434371750862358,18.41218437251823,1011.2996172904968
2023-10-11,0.39688485860824585,3.1304416393612042,85.13105142368178,17.31499912596785,6.5730890620825555,15.662630968698094,5.049072241815672,35.34468253511723,1012.3477435112
2023-10-12,1.369337059557438,6.688951200007763,75.99845719937272,19.544461464199625,13.211736397176198,17.071349828396954,13.640917629643337,26.779433212234466,1019.1226263046265
2023-10-13,1.5269607082009315,4.188774599774236,78.82010005566575,15.228630900415121,11.523506434580096,11.068123107355765,14.399315078394405,19.75299734869615,1009.8741660118103
2023-10-14,0.8831700459122658,1.6218479214294619,79.8821825883198,19.703913616390423,12.948030215856088,14.24472656446459,13.572087938656194,26.971191686251714,1005.8765692710876
2023-10-15,0.0948050245642662,6.069505605124659,91.04570704530255,26.695230512569665,12.115226160420894,14.544537767899545,13.129264739029702,22.325725512040812,1009.2424716949463
2023-10-16,-0.3211175575852394,2.2131973398233553,83.41907026021215,25.15111621191819,4.475811984586608,9.622349880424839,7.179600853782378,19.535276272462728,1004.5780110359192
2023-10-17,1.925427358597517,7.49062777240093,87.27183740492102,6.2516702409780525,9.294466081770603,15.431156933536736,10.947057232200768,19.66876157067046,983.7151169776917
2023-10-18,1.8089697919785976,5.608971189398012,74.42291728141012,23.191074161139593,12.54342439284535,16.141557348950123,11.939716482955887,14.794215800110251,1017.4755640029907
2023-10-19,1.552718609571457,4.504582039117233,81.2284474430848,26.783242943142067,13.092815435937048,18.15062691223934,14.24010269966873,27.46263965475488,1019.1372809410095
2023-10-20,1.1750950329005718,3.8761420914378064,74.3646267222889,16.472571756915524,12.361446523482236,16.543491934594066,2.4603065136416546,16.4201176743021,1022.3737993240356
2023-10-21,1.4278241954743862,5.456196857751842,91.75782502607737,24.87920597798457,8.252639639828613,19.155169414431548,12.020975622466556,22.21788663614176,1007.372241973877
2023-10-22,2.096545733511448,1.37113938425632,78.76148735734228,15.13586118304281,16.39702149370528,13.858418672351645,7.172532380700398,20.431157064722242,1019.0553550720215
2023-10-23,0.8256357759237289,5.393785494622107,70.43872406788687,17.557683961962876,13.162315898092798,10.652441062180323,11.150739307383493,20.885246138098925,1003.4194984436035
2023-10-24,0.7524230666458607,7.328773476604508,83.15022650396031,29.061155079564443,13.669430830156031,11.597415158577,15.911505679477944,21.989251873805017,1004.1080346107483
2023-10-25,1.5654638335108757,2.429155907065575,86.99773882252641,20.04128749782257,9.292866003352865,10.354860551355237,8.632099708932525,22.108924929303544,1010.9117827415466
2023-10-26,1.8803332336246967,1.1290261619373336,80.4185526823066,23.80863557761204,11.013292817075227,7.478859686284715,12.777036684134014,26.900013547557315,1001.3277816772461
2023-10-27,1.806678619235754,4.9283797335360635,79.57398873565704,29.358790979258398,8.790937007942787,10.792961421065343,12.807190369770229,15.73002130223058,1010.6333241462708
2023-10-28,0.49201763793826103,1.7177922826987537,71.77933068569821,28.560489821163436,9.246751609657007,18.878915279260347,8.769247554999168,17.72881589404307,982.2277660369873
2023-10-29,1.7151751182973385,3.702582119297924,78.69887610243035,24.85039106875435,1.2486183024737993,21.713367999885918,5.090709699777925,15.461349504316951,1000.0307068824768
2023-10-30,1.5764546245336533,4.403155312666337,85.93971604875472,27.35465855717716,11.436035679189368,17.083696578800563,11.302110457949972,24.455850036338845,1011.5419273376465
2023-10-31,1.8402607776224613,4.700255012767791,90.25178392224507,19.33017842006157,13.359862960804467,16.136087521345807,10.238775797880033,15.361730054735759,1007.5208711624146
